,Compound.Name,slope.avg,d_alkane_RTI,inverse_slope,Category
1,"12-OH C18 Acid, TMS",0.001661964,2471,601.6977657,Acid
2,"16-OH C16 Acid, TMS",0.002604894,2430,383.8927587,Acid
3,2-(methylmercapto)benzothiazole,0.08521056,1637,11.73563461,Misc
4,"2-Ketoglutaric acid, tri-TMS",0.142289553,1629,7.027922854,Acid
5,2-mercaptobenzothiazole,0.010164477,2000,98.38184642,Misc
6,3-5-dimethoxyphenol,0.041960157,1525,23.83213199,Alcohol
7,4-Benzoylbenzoic acid,0.000325053,2242,3076.423438,Acid
8,4-Bromodiphenylamine,0.000428558,1993,2333.407788,Misc
9,4-hydroxybenzoic acid,0.022732817,1651,43.98926887,Acid
10,4-nitrocatechol,0.000696079,1770,1436.617568,Misc
11,"4, 4 dimethoxy-benzophenone",0.000781783,2292,1279.126523,Ketone
12,9H-Florenone,0.000182797,1776,5470.541141,Ketone
13,a-Amyrin,0.001157019,3480,864.2901995,Alcohol
14,abietic acid,0.007488906,2468,133.5308491,Acid
15,anthraquinone,0.000820783,2017,1218.349439,Arom
16,arabitol,0.001236747,1744,808.5727606,Alcohol
17,benzophenone,0.004789526,1662,208.7889162,Arom
18,Benzothiazole,0.119184754,1246,8.390334857,Misc
19,"Benzothiazole, 2-phenyl-",0.000476804,2024,2097.2965,Misc
20,beta-sitosterol,0.004072217,3407,245.5664632,Sterol
21,C10 carboxylic acid,0.138468134,1479,7.221878193,Acid
22,C10 diacid (sebacic acid),0.00038317,1923,2609.810331,Acid
23,C12 diacid,0.000501998,2120,1992.041484,Acid
24,C13 acid,0.000462336,1776,2162.928296,Acid
25,C14 Diacid,0.000517764,2318,1931.381068,Acid
26,C16,0.182012374,1627,5.494131951,Alkane
27,C16 Acid,0.000387702,2079,2579.299173,Acid
28,C17,0.006609305,1729,151.3018476,Alkane
29,C17 acid,0.000968875,2177,1032.125243,Acid
30,C18,0.000528062,1831,1893.718151,Alkane
31,C18 Acid,0.000248886,2280,4017.89984,Acid
32,C19,0.00035999,1934,2777.856201,Alkane
33,C20,0.000421763,2035,2370.9976,Alkane
34,C21,0.00037897,2136,2638.731469,Alkane
35,C22,0.000453445,2238,2205.340279,Alkane
36,C22 acid,0.003039933,2683,328.954635,Acid
37,C23,0.00124358,2342,804.1300707,Alkane
38,C24,0.00111509,2443,896.7884763,Alkane
39,C24 acid,0.001363614,2888,733.3451779,Acid
40,C25,0.001555325,2545,642.9524171,Alkane
41,C26,0.002550429,2649,392.0908792,Alkane
42,C26 acid,0.003497395,3091,285.9270777,Acid
43,C27,0.002362975,2750,423.1953486,Alkane
44,C28,0.002027758,2852,493.1555114,Alkane
45,C28 acid,0.004002768,3292,249.8270885,Acid
46,C29,0.002151804,2954,464.7262939,Alkane
47,C30,0.002240525,3058,446.3239139,Alkane
48,C31,0.002678868,3160,373.2919591,Alkane
49,C32,0.003319855,3261,301.2179491,Alkane
50,C33,0.004017499,3362,248.911098,Alkane
51,C34,0.004782002,3461,209.1174511,Alkane
52,C35,0.005508831,3565,181.5267313,Alkane
53,C8 acid,0.071812045,1269,13.92524051,Acid
54,C9 acid,0.077470089,1375,12.90820774,Acid
55,C9 Diacid (azelaic acid),0.000282912,1822,3534.67329,Acid
56,Caffeic acid,0.000405959,2168,2463.301867,Acid
57,cholesterol,0.001594909,3209,626.9950342,Sterol
58,chrysene,0.000305519,2527,3273.118794,Arom
59,"cis-Vaccenic Acid, TMS",0.000671712,2258,1488.732298,Acid
60,"Citronellol, TMS",0.488907763,1317,2.045375581,Alcohol
61,DEET,0.001427455,1599,700.5472672,Amide
62,Dehydroabietic acid,0.000684917,2430,1460.031451,Acid
63,dibenz(ah)anthracene,0.003835696,3278,260.7088837,Arom
64,"dimethyl Glutaric Acid, TMS",0.064622503,1456,15.47448571,Acid
65,DL-B-hydroxymyristic acid,0.000353397,2058,2829.678174,Acid
66,dodecyl benzene,0.000477376,1920,2094.78523,Arom
67,DPPA,0.001277625,1954,782.7023988,Misc
68,"eicosanol, TMS",0.001367299,2392,731.3687327,Alcohol
69,erythreitol,0.01962014,1529,50.96803701,Alcohol
70,FAME16 (Methyl Palmitate),0.000386023,1958,2590.519957,Acid
71,FAME18 (Methyl Stearate),0.000533547,2161,1874.24967,Acid
72,Farnesol,0.004631757,1804,215.9008099,Alcohol
73,galactosan,0.002838345,1684,352.3179665,Sugar
74,gamma dodecalactone,0.000638704,1708,1565.671252,Sugar
75,hexadecanamide,0.001869536,2212,534.8922044,Amide
76,Hexadecanol,0.000436805,1992,2289.350345,Alcohol
77,"homosalate, TMS",0.000403569,2055,2477.890864,Misc
78,hydroquinone,0.012582391,1419,79.47615234,Arom
79,ionone,0.213226981,1447,4.689838013,Ketone
80,isopimaric acid,0.000404194,2383,2474.06081,Acid
81,ketopinic acid,0.051102639,1529,19.56846101,Acid
82,levoglucosan,0.000939777,1727,1064.082498,Sugar
83,"linoleic Acid, TMS",0.001207842,2245,827.9229844,Acid
84,"Malic acid, 3TMS derivative",0.110433115,1510,9.055254831,Acid
85,maltol,0.340935718,1287,2.933104242,Alcohol
86,mannosan,0.001787359,1706,559.4848465,Sugar
87,MBTCA,0.000299348,1776,3340.594385,Acid
88,Me-OH-glutatric acid,0.008480217,1623,117.9215046,Acid
89,monopalmitin,0.002527604,2629,395.6316633,Alcohol
90,monostearin,0.00293619,2827,340.5774169,Alcohol
91,octadecanol,0.000158071,2189,6326.258587,Alcohol
92,octadecanone,0.000545046,2032,1834.706282,Ketone
93,"oleic Acid, TMS",0.000488617,2252,2046.59248,Acid
94,p-anisic acid (4-methozybenzoic acid),0.041625252,1544,24.0238787,Acid
95,pentadecanone,0.000687484,1727,1454.579927,Ketone
96,perylene,0.000915288,2965,1092.552132,Arom
97,phthalic acid,0.002199643,1714,454.6192384,Acid
98,phthalimide,0.027145596,1592,36.83838831,Misc
99,pinic acid 1,0.001426407,1692,701.062048,Acid
100,pinic acid 2,0.007387968,1697,135.355211,Acid
101,pinonic acid,0.052699012,1549,18.97568769,Acid
102,pyrene,0.000203749,2170,4908.002394,Arom
103,Pyrocatechoic acid,0.000156799,1846,6377.596753,Cat
104,Quinoline,0.047885354,1256,20.88321211,Arom
105,resorcinol,0.015580122,1398,64.18434825,Cat
106,sinapinaldehyde,0.00101289,2033,987.2744866,Aldehyde
107,squalene,0.004868786,2867,205.3900106,Alkane
108,stigmasterol,0.003796243,3346,263.4183512,Sterol
109,syringaldehyde,0.000397486,1725,2515.813615,Aldehyde
110,syringic acid,0.000301011,1926,3322.137382,Acid
111,syringol,0.060740669,1418,16.46343418,Alcohol
112,"Tartaric acid, 4TMS",0.000608189,1659,1644.226003,Acid
113,threitol,0.023988709,1521,41.68627837,Alcohol
114,trans ferulic acid,0.00042076,2124,2376.652193,Acid
115,triacetin,0.00750784,1351,133.1941078,Misc
116,Tricarballylic acid,0.000251398,1757,3977.762035,Acid
117,tridecanal,0.214032534,1537,4.672186893,Aldehyde
118,vanillic acid,0.000270972,1789,3690.420271,Acid
119,vanillin,0.03915135,1557,25.54190323,Aldehyde
120,xanthone,0.000754118,1905,1326.053007,Ketone
